#,Time,Service,Flags,Prio,Source Address,Source Name,Destination Address,Destination Name,Hop Count,Type,DPT,Info,Iack
1,"4/1/2026 12:47:42.213 AM",to bus,,System,1.1.11,"-",1.4.1,"Rèm 1",5,DeviceDescriptor_Read,,"DescriptorType=0",LL_ACK
2,"4/1/2026 12:47:42.241 AM",from bus,,System,1.4.1,"Rèm 1",1.1.11,"-",6,DeviceDescriptor_Response,,"DescriptorType=0, DescriptorData=07 B0",LL_ACK
3,"4/1/2026 12:47:42.278 AM",to bus,,System,1.1.11,"-",1.4.1,"Rèm 1",5,PropertyValue_Read,,"ObjectIndex=0, PropertyId=56, Count=1, StartIndex=1",LL_ACK
4,"4/1/2026 12:47:42.318 AM",from bus,,System,1.4.1,"Rèm 1",1.1.11,"-",6,PropertyValue_Response,,"ObjectIndex=0, PropertyId=56, Count=1, StartIndex=1, Data=00 FE",LL_ACK
5,"4/1/2026 12:47:42.406 AM",to bus,E,System,1.1.11,"-",1.4.1,"Rèm 1",5,Sec,,"SyncReq, SourceSeqNr=259868072509",LL_ACK
6,"4/1/2026 12:47:42.490 AM",from bus,E,System,1.4.1,"Rèm 1",1.1.11,"-",6,Sec,,"SyncRes, SourceSeqNr=126050, TargetSeqNr=259868072509",LL_ACK
7,"4/1/2026 12:47:42.560 AM",to bus,E,System,1.1.11,"-",1.4.1,"Rèm 1",5,PropertyValue_Read,,"ObjectIndex=0, PropertyId=11, Count=1, StartIndex=1",LL_ACK
8,"4/1/2026 12:47:42.643 AM",from bus,E,System,1.4.1,"Rèm 1",1.1.11,"-",6,PropertyValue_Response,,"ObjectIndex=0, PropertyId=11, Count=1, StartIndex=1, Data=00 85 00 00 00 0B",LL_ACK
9,"4/1/2026 12:47:42.682 AM",to bus,,System,1.1.11,"-",1.4.1,"Rèm 1",5,DeviceDescriptor_Read,,"DescriptorType=0",LL_ACK
10,"4/1/2026 12:47:42.710 AM",from bus,,System,1.4.1,"Rèm 1",1.1.11,"-",6,DeviceDescriptor_Response,,"DescriptorType=0, DescriptorData=07 B0",LL_ACK
11,"4/1/2026 12:47:42.746 AM",to bus,,System,1.1.11,"-",1.4.1,"Rèm 1",5,PropertyValue_Read,,"ObjectIndex=0, PropertyId=56, Count=1, StartIndex=1",LL_ACK
12,"4/1/2026 12:47:42.798 AM",from bus,,System,1.4.1,"Rèm 1",1.1.11,"-",6,PropertyValue_Response,,"ObjectIndex=0, PropertyId=56, Count=1, StartIndex=1, Data=00 FE",LL_ACK
13,"4/1/2026 12:47:42.888 AM",to bus,E,System,1.1.11,"-",1.4.1,"Rèm 1",5,Sec,,"SyncReq, SourceSeqNr=259868072510",LL_ACK
14,"4/1/2026 12:47:45.892 AM",to bus,E,System,1.1.11,"-",1.4.1,"Rèm 1",5,Sec,,"SyncReq, SourceSeqNr=259868072510",LL_ACK
15,"4/1/2026 12:47:45.975 AM",from bus,E,System,1.4.1,"Rèm 1",1.1.11,"-",6,Sec,,"SyncRes, SourceSeqNr=126051, TargetSeqNr=259868072510",LL_ACK
16,"4/1/2026 12:47:46.049 AM",to bus,E,System,1.1.11,"-",1.4.1,"Rèm 1",5,FunctionPropertyExtState_Read,,"ObjectType=17, Instance=1, PropertyId=51, Command=00 00",LL_ACK
17,"4/1/2026 12:47:46.129 AM",from bus,E,System,1.4.1,"Rèm 1",1.1.11,"-",6,FunctionPropertyExtState_Response,,"ObjectType=17, Instance=1, PropertyId=51, ReturnCode=0",LL_ACK
18,"4/1/2026 12:47:47.390 AM",to bus,,System,1.1.11,"-",1.4.1,"Rèm 1",5,T_Connect,,"",LL_ACK
19,"4/1/2026 12:47:47.418 AM",to bus,,System,1.1.11,"-",1.4.1,"Rèm 1",5,DeviceDescriptor_Read (S=0),,"DescriptorType=0",LL_ACK
20,"4/1/2026 12:47:47.439 AM",from bus,,System,1.4.1,"Rèm 1",1.1.11,"-",6,T_ACK (S=0),,"",LL_ACK
21,"4/1/2026 12:47:47.470 AM",from bus,,System,1.4.1,"Rèm 1",1.1.11,"-",6,DeviceDescriptor_Response (S=0),,"DescriptorType=0, DescriptorData=07 B0",LL_ACK
22,"4/1/2026 12:47:47.507 AM",to bus,,System,1.1.11,"-",1.4.1,"Rèm 1",5,T_ACK (S=0),,"",LL_ACK
23,"4/1/2026 12:47:47.542 AM",to bus,,System,1.1.11,"-",1.4.1,"Rèm 1",5,PropertyValue_Read (S=1),,"ObjectIndex=0, PropertyId=56, Count=1, StartIndex=1",LL_ACK
24,"4/1/2026 12:47:47.564 AM",from bus,,System,1.4.1,"Rèm 1",1.1.11,"-",6,T_ACK (S=1),,"",LL_ACK
25,"4/1/2026 12:47:47.605 AM",from bus,,System,1.4.1,"Rèm 1",1.1.11,"-",6,PropertyValue_Response (S=1),,"ObjectIndex=0, PropertyId=56, Count=1, StartIndex=1, Data=00 FE",LL_ACK
26,"4/1/2026 12:47:47.630 AM",to bus,,System,1.1.11,"-",1.4.1,"Rèm 1",5,T_ACK (S=1),,"",LL_ACK
27,"4/1/2026 12:47:47.709 AM",to bus,E,System,1.1.11,"-",1.4.1,"Rèm 1",5,Sec (S=2),,"SyncReq, SourceSeqNr=259868072511",LL_ACK
28,"4/1/2026 12:47:47.731 AM",from bus,,System,1.4.1,"Rèm 1",1.1.11,"-",6,T_ACK (S=2),,"",LL_ACK
29,"4/1/2026 12:47:47.817 AM",from bus,E,System,1.4.1,"Rèm 1",1.1.11,"-",6,Sec (S=2),,"SyncRes, SourceSeqNr=126052, TargetSeqNr=259868072511",LL_ACK
30,"4/1/2026 12:47:47.844 AM",to bus,,System,1.1.11,"-",1.4.1,"Rèm 1",5,T_ACK (S=2),,"",LL_ACK
31,"4/1/2026 12:47:47.920 AM",to bus,E,System,1.1.11,"-",1.4.1,"Rèm 1",5,Authorize_Request (S=3),,"00 FF FF FF FF",LL_ACK
32,"4/1/2026 12:47:47.941 AM",from bus,,System,1.4.1,"Rèm 1",1.1.11,"-",6,T_ACK (S=3),,"",LL_ACK
33,"4/1/2026 12:47:48.003 AM",from bus,,System,1.4.1,"Rèm 1",1.1.11,"-",6,Authorize_Response (S=3),,"$00",LL_ACK
34,"4/1/2026 12:47:48.028 AM",to bus,,System,1.1.11,"-",1.4.1,"Rèm 1",5,T_ACK (S=3),,"",LL_ACK
35,"4/1/2026 12:47:48.093 AM",to bus,E,System,1.1.11,"-",1.4.1,"Rèm 1",5,PropertyDescription_Read (S=4),,"ObjectIndex=2, PropertyId=23, PropertyIndex=0",LL_ACK
36,"4/1/2026 12:47:48.115 AM",from bus,,System,1.4.1,"Rèm 1",1.1.11,"-",6,T_ACK (S=4),,"",LL_ACK
37,"4/1/2026 12:47:48.193 AM",from bus,E,System,1.4.1,"Rèm 1",1.1.11,"-",6,PropertyDescription_Response (S=4),,"ObjectIndex=2, PropertyId=23, PropertyIndex=1, DataType=20 (PDT_GENERIC_04), MaxSize=512",LL_ACK
38,"4/1/2026 12:47:48.219 AM",to bus,,System,1.1.11,"-",1.4.1,"Rèm 1",5,T_ACK (S=4),,"",LL_ACK
39,"4/1/2026 12:47:48.284 AM",to bus,E,System,1.1.11,"-",1.4.1,"Rèm 1",5,PropertyValue_Read (S=5),,"ObjectIndex=0, PropertyId=11, Count=1, StartIndex=1",LL_ACK
40,"4/1/2026 12:47:48.306 AM",from bus,,System,1.4.1,"Rèm 1",1.1.11,"-",6,T_ACK (S=5),,"",LL_ACK
41,"4/1/2026 12:47:48.393 AM",from bus,E,System,1.4.1,"Rèm 1",1.1.11,"-",6,PropertyValue_Response (S=5),,"ObjectIndex=0, PropertyId=11, Count=1, StartIndex=1, Data=00 85 00 00 00 0B",LL_ACK
42,"4/1/2026 12:47:48.417 AM",to bus,,System,1.1.11,"-",1.4.1,"Rèm 1",5,T_ACK (S=5),,"",LL_ACK
43,"4/1/2026 12:47:48.488 AM",to bus,E,System,1.1.11,"-",1.4.1,"Rèm 1",5,PropertyValue_Read (S=6),,"ObjectIndex=0, PropertyId=12, Count=1, StartIndex=1",LL_ACK
44,"4/1/2026 12:47:48.509 AM",from bus,,System,1.4.1,"Rèm 1",1.1.11,"-",6,T_ACK (S=6),,"",LL_ACK
45,"4/1/2026 12:47:48.586 AM",from bus,E,System,1.4.1,"Rèm 1",1.1.11,"-",6,PropertyValue_Response (S=6),,"ObjectIndex=0, PropertyId=12, Count=1, StartIndex=1, Data=00 85",LL_ACK
46,"4/1/2026 12:47:48.610 AM",to bus,,System,1.1.11,"-",1.4.1,"Rèm 1",5,T_ACK (S=6),,"",LL_ACK
47,"4/1/2026 12:47:48.677 AM",to bus,E,System,1.1.11,"-",1.4.1,"Rèm 1",5,PropertyValue_Read (S=7),,"ObjectIndex=0, PropertyId=25, Count=1, StartIndex=1",LL_ACK
48,"4/1/2026 12:47:48.701 AM",from bus,,System,1.4.1,"Rèm 1",1.1.11,"-",6,T_ACK (S=7),,"",LL_ACK
49,"4/1/2026 12:47:48.775 AM",from bus,E,System,1.4.1,"Rèm 1",1.1.11,"-",6,PropertyValue_Response (S=7),,"ObjectIndex=0, PropertyId=25, Count=1, StartIndex=1, Data=00 01",LL_ACK
50,"4/1/2026 12:47:48.799 AM",to bus,,System,1.1.11,"-",1.4.1,"Rèm 1",5,T_ACK (S=7),,"",LL_ACK
51,"4/1/2026 12:47:48.866 AM",to bus,E,System,1.1.11,"-",1.4.1,"Rèm 1",5,PropertyValue_Read (S=8),,"ObjectIndex=0, PropertyId=78, Count=1, StartIndex=1",LL_ACK
52,"4/1/2026 12:47:48.888 AM",from bus,,System,1.4.1,"Rèm 1",1.1.11,"-",6,T_ACK (S=8),,"",LL_ACK
53,"4/1/2026 12:47:48.974 AM",from bus,E,System,1.4.1,"Rèm 1",1.1.11,"-",6,PropertyValue_Response (S=8),,"ObjectIndex=0, PropertyId=78, Count=1, StartIndex=1, Data=00 00 00 00 00 00",LL_ACK
54,"4/1/2026 12:47:49.001 AM",to bus,,System,1.1.11,"-",1.4.1,"Rèm 1",5,T_ACK (S=8),,"",LL_ACK
55,"4/1/2026 12:47:49.067 AM",to bus,E,System,1.1.11,"-",1.4.1,"Rèm 1",5,PropertyValue_Read (S=9),,"ObjectIndex=0, PropertyId=15, Count=1, StartIndex=1",LL_ACK
56,"4/1/2026 12:47:49.091 AM",from bus,,System,1.4.1,"Rèm 1",1.1.11,"-",6,T_ACK (S=9),,"",LL_ACK
57,"4/1/2026 12:47:49.185 AM",from bus,E,System,1.4.1,"Rèm 1",1.1.11,"-",6,PropertyValue_Response (S=9),,"ObjectIndex=0, PropertyId=15, Count=1, StartIndex=1, Data=53 48 30 30 31 20 20 20 20 20",LL_ACK
58,"4/1/2026 12:47:49.218 AM",to bus,,System,1.1.11,"-",1.4.1,"Rèm 1",5,T_ACK (S=9),,"",LL_ACK
59,"4/1/2026 12:47:49.345 AM",to bus,E,System,1.1.11,"-",1.4.1,"Rèm 1",5,PropertyValue_Write (S=10),,"ObjectIndex=5, PropertyId=5, Count=1, StartIndex=1, Data=04 00 00 00 00 00 00 00 00 00",LL_ACK
60,"4/1/2026 12:47:49.366 AM",from bus,,System,1.4.1,"Rèm 1",1.1.11,"-",6,T_ACK (S=10),,"",LL_ACK
61,"4/1/2026 12:47:49.438 AM",from bus,E,System,1.4.1,"Rèm 1",1.1.11,"-",6,PropertyValue_Response (S=10),,"ObjectIndex=5, PropertyId=5, Count=0, StartIndex=1, Data=",LL_ACK
62,"4/1/2026 12:47:49.462 AM",to bus,,System,1.1.11,"-",1.4.1,"Rèm 1",5,T_ACK (S=10),,"",LL_ACK
63,"4/1/2026 12:47:49.553 AM",to bus,E,System,1.1.11,"-",1.4.1,"Rèm 1",5,PropertyValue_Write (S=11),,"ObjectIndex=4, PropertyId=5, Count=1, StartIndex=1, Data=04 00 00 00 00 00 00 00 00 00",LL_ACK
64,"4/1/2026 12:47:49.574 AM",from bus,,System,1.4.1,"Rèm 1",1.1.11,"-",6,T_ACK (S=11),,"",LL_ACK
65,"4/1/2026 12:47:49.648 AM",from bus,E,System,1.4.1,"Rèm 1",1.1.11,"-",6,PropertyValue_Response (S=11),,"ObjectIndex=4, PropertyId=5, Count=1, StartIndex=1, Data=$00",LL_ACK
66,"4/1/2026 12:47:49.673 AM",to bus,,System,1.1.11,"-",1.4.1,"Rèm 1",5,T_ACK (S=11),,"",LL_ACK
67,"4/1/2026 12:47:49.760 AM",to bus,E,System,1.1.11,"-",1.4.1,"Rèm 1",5,PropertyValue_Write (S=12),,"ObjectIndex=3, PropertyId=5, Count=1, StartIndex=1, Data=04 00 00 00 00 00 00 00 00 00",LL_ACK
68,"4/1/2026 12:47:49.783 AM",from bus,,System,1.4.1,"Rèm 1",1.1.11,"-",6,T_ACK (S=12),,"",LL_ACK
69,"4/1/2026 12:47:49.856 AM",from bus,E,System,1.4.1,"Rèm 1",1.1.11,"-",6,PropertyValue_Response (S=12),,"ObjectIndex=3, PropertyId=5, Count=1, StartIndex=1, Data=$00",LL_ACK
70,"4/1/2026 12:47:49.881 AM",to bus,,System,1.1.11,"-",1.4.1,"Rèm 1",5,T_ACK (S=12),,"",LL_ACK
71,"4/1/2026 12:47:49.969 AM",to bus,E,System,1.1.11,"-",1.4.1,"Rèm 1",5,PropertyValue_Write (S=13),,"ObjectIndex=2, PropertyId=5, Count=1, StartIndex=1, Data=04 00 00 00 00 00 00 00 00 00",LL_ACK
72,"4/1/2026 12:47:49.990 AM",from bus,,System,1.4.1,"Rèm 1",1.1.11,"-",6,T_ACK (S=13),,"",LL_ACK
73,"4/1/2026 12:47:50.064 AM",from bus,E,System,1.4.1,"Rèm 1",1.1.11,"-",6,PropertyValue_Response (S=13),,"ObjectIndex=2, PropertyId=5, Count=1, StartIndex=1, Data=$00",LL_ACK
74,"4/1/2026 12:47:50.089 AM",to bus,,System,1.1.11,"-",1.4.1,"Rèm 1",5,T_ACK (S=13),,"",LL_ACK
75,"4/1/2026 12:47:50.176 AM",to bus,E,System,1.1.11,"-",1.4.1,"Rèm 1",5,PropertyValue_Write (S=14),,"ObjectIndex=1, PropertyId=5, Count=1, StartIndex=1, Data=04 00 00 00 00 00 00 00 00 00",LL_ACK
76,"4/1/2026 12:47:50.199 AM",from bus,,System,1.4.1,"Rèm 1",1.1.11,"-",6,T_ACK (S=14),,"",LL_ACK
77,"4/1/2026 12:47:50.272 AM",from bus,E,System,1.4.1,"Rèm 1",1.1.11,"-",6,PropertyValue_Response (S=14),,"ObjectIndex=1, PropertyId=5, Count=1, StartIndex=1, Data=$00",LL_ACK
78,"4/1/2026 12:47:50.297 AM",to bus,,System,1.1.11,"-",1.4.1,"Rèm 1",5,T_ACK (S=14),,"",LL_ACK
79,"4/1/2026 12:47:50.387 AM",to bus,E,System,1.1.11,"-",1.4.1,"Rèm 1",5,FunctionPropertyExtCommand (S=15),,"ObjectType=17, Instance=1, PropertyId=5, Command=04 00 00 00 00 00 00 00 00 00",LL_ACK
80,"4/1/2026 12:47:50.409 AM",from bus,,System,1.4.1,"Rèm 1",1.1.11,"-",6,T_ACK (S=15),,"",LL_ACK
81,"4/1/2026 12:47:50.488 AM",from bus,E,System,1.4.1,"Rèm 1",1.1.11,"-",6,FunctionPropertyExtState_Response (S=15),,"ObjectType=17, Instance=1, PropertyId=5, ReturnCode=0",LL_ACK
82,"4/1/2026 12:47:50.512 AM",to bus,,System,1.1.11,"-",1.4.1,"Rèm 1",5,T_ACK (S=15),,"",LL_ACK
83,"4/1/2026 12:47:50.601 AM",to bus,E,System,1.1.11,"-",1.4.1,"Rèm 1",5,PropertyValue_Write (S=0),,"ObjectIndex=4, PropertyId=5, Count=1, StartIndex=1, Data=01 00 00 00 00 00 00 00 00 00",LL_ACK
84,"4/1/2026 12:47:50.622 AM",from bus,,System,1.4.1,"Rèm 1",1.1.11,"-",6,T_ACK (S=0),,"",LL_ACK
85,"4/1/2026 12:47:50.696 AM",from bus,E,System,1.4.1,"Rèm 1",1.1.11,"-",6,PropertyValue_Response (S=0),,"ObjectIndex=4, PropertyId=5, Count=1, StartIndex=1, Data=$02",LL_ACK
86,"4/1/2026 12:47:50.721 AM",to bus,,System,1.1.11,"-",1.4.1,"Rèm 1",5,T_ACK (S=0),,"",LL_ACK
87,"4/1/2026 12:47:50.809 AM",to bus,E,System,1.1.11,"-",1.4.1,"Rèm 1",5,PropertyValue_Write (S=1),,"ObjectIndex=4, PropertyId=5, Count=1, StartIndex=1, Data=03 0B 00 00 00 1C 00 00 00 00",LL_ACK
88,"4/1/2026 12:47:50.830 AM",from bus,,System,1.4.1,"Rèm 1",1.1.11,"-",6,T_ACK (S=1),,"",LL_ACK
89,"4/1/2026 12:47:50.905 AM",from bus,E,System,1.4.1,"Rèm 1",1.1.11,"-",6,PropertyValue_Response (S=1),,"ObjectIndex=4, PropertyId=5, Count=1, StartIndex=1, Data=$02",LL_ACK
90,"4/1/2026 12:47:50.933 AM",to bus,,System,1.1.11,"-",1.4.1,"Rèm 1",5,T_ACK (S=1),,"",LL_ACK
91,"4/1/2026 12:47:51.021 AM",to bus,E,System,1.1.11,"-",1.4.1,"Rèm 1",5,PropertyValue_Write (S=2),,"ObjectIndex=3, PropertyId=5, Count=1, StartIndex=1, Data=01 00 00 00 00 00 00 00 00 00",LL_ACK
92,"4/1/2026 12:47:51.042 AM",from bus,,System,1.4.1,"Rèm 1",1.1.11,"-",6,T_ACK (S=2),,"",LL_ACK
93,"4/1/2026 12:47:51.116 AM",from bus,E,System,1.4.1,"Rèm 1",1.1.11,"-",6,PropertyValue_Response (S=2),,"ObjectIndex=3, PropertyId=5, Count=1, StartIndex=1, Data=$02",LL_ACK
94,"4/1/2026 12:47:51.142 AM",to bus,,System,1.1.11,"-",1.4.1,"Rèm 1",5,T_ACK (S=2),,"",LL_ACK
95,"4/1/2026 12:47:51.234 AM",to bus,E,System,1.1.11,"-",1.4.1,"Rèm 1",5,PropertyValue_Write (S=3),,"ObjectIndex=3, PropertyId=5, Count=1, StartIndex=1, Data=03 0B 00 00 00 0E 00 00 00 00",LL_ACK
96,"4/1/2026 12:47:51.255 AM",from bus,,System,1.4.1,"Rèm 1",1.1.11,"-",6,T_ACK (S=3),,"",LL_ACK
97,"4/1/2026 12:47:51.329 AM",from bus,E,System,1.4.1,"Rèm 1",1.1.11,"-",6,PropertyValue_Response (S=3),,"ObjectIndex=3, PropertyId=5, Count=1, StartIndex=1, Data=$02",LL_ACK
98,"4/1/2026 12:47:51.362 AM",to bus,,System,1.1.11,"-",1.4.1,"Rèm 1",5,T_ACK (S=3),,"",LL_ACK
99,"4/1/2026 12:47:51.449 AM",to bus,E,System,1.1.11,"-",1.4.1,"Rèm 1",5,PropertyValue_Write (S=4),,"ObjectIndex=1, PropertyId=5, Count=1, StartIndex=1, Data=01 00 00 00 00 00 00 00 00 00",LL_ACK
100,"4/1/2026 12:47:51.470 AM",from bus,,System,1.4.1,"Rèm 1",1.1.11,"-",6,T_ACK (S=4),,"",LL_ACK
101,"4/1/2026 12:47:51.544 AM",from bus,E,System,1.4.1,"Rèm 1",1.1.11,"-",6,PropertyValue_Response (S=4),,"ObjectIndex=1, PropertyId=5, Count=1, StartIndex=1, Data=$02",LL_ACK
102,"4/1/2026 12:47:51.568 AM",to bus,,System,1.1.11,"-",1.4.1,"Rèm 1",5,T_ACK (S=4),,"",LL_ACK
103,"4/1/2026 12:47:51.655 AM",to bus,E,System,1.1.11,"-",1.4.1,"Rèm 1",5,PropertyValue_Write (S=5),,"ObjectIndex=1, PropertyId=5, Count=1, StartIndex=1, Data=03 0B 00 00 00 0E 00 00 00 00",LL_ACK
104,"4/1/2026 12:47:51.681 AM",from bus,,System,1.4.1,"Rèm 1",1.1.11,"-",6,T_ACK (S=5),,"",LL_ACK
105,"4/1/2026 12:47:51.751 AM",from bus,E,System,1.4.1,"Rèm 1",1.1.11,"-",6,PropertyValue_Response (S=5),,"ObjectIndex=1, PropertyId=5, Count=1, StartIndex=1, Data=$02",LL_ACK
106,"4/1/2026 12:47:51.781 AM",to bus,,System,1.1.11,"-",1.4.1,"Rèm 1",5,T_ACK (S=5),,"",LL_ACK
107,"4/1/2026 12:47:51.869 AM",to bus,E,System,1.1.11,"-",1.4.1,"Rèm 1",5,PropertyValue_Write (S=6),,"ObjectIndex=2, PropertyId=5, Count=1, StartIndex=1, Data=01 00 00 00 00 00 00 00 00 00",LL_ACK
108,"4/1/2026 12:47:51.891 AM",from bus,,System,1.4.1,"Rèm 1",1.1.11,"-",6,T_ACK (S=6),,"",LL_ACK
109,"4/1/2026 12:47:51.964 AM",from bus,E,System,1.4.1,"Rèm 1",1.1.11,"-",6,PropertyValue_Response (S=6),,"ObjectIndex=2, PropertyId=5, Count=1, StartIndex=1, Data=$02",LL_ACK
110,"4/1/2026 12:47:52.000 AM",to bus,,System,1.1.11,"-",1.4.1,"Rèm 1",5,T_ACK (S=6),,"",LL_ACK
111,"4/1/2026 12:47:52.088 AM",to bus,E,System,1.1.11,"-",1.4.1,"Rèm 1",5,PropertyValue_Write (S=7),,"ObjectIndex=2, PropertyId=5, Count=1, StartIndex=1, Data=03 0B 00 00 00 1A 00 00 00 00",LL_ACK
112,"4/1/2026 12:47:52.109 AM",from bus,,System,1.4.1,"Rèm 1",1.1.11,"-",6,T_ACK (S=7),,"",LL_ACK
113,"4/1/2026 12:47:52.183 AM",from bus,E,System,1.4.1,"Rèm 1",1.1.11,"-",6,PropertyValue_Response (S=7),,"ObjectIndex=2, PropertyId=5, Count=1, StartIndex=1, Data=$02",LL_ACK
114,"4/1/2026 12:47:52.209 AM",to bus,,System,1.1.11,"-",1.4.1,"Rèm 1",5,T_ACK (S=7),,"",LL_ACK
115,"4/1/2026 12:47:52.276 AM",to bus,E,System,1.1.11,"-",1.4.1,"Rèm 1",5,PropertyValue_Read (S=8),,"ObjectIndex=4, PropertyId=7, Count=1, StartIndex=1",LL_ACK
116,"4/1/2026 12:47:52.297 AM",from bus,,System,1.4.1,"Rèm 1",1.1.11,"-",6,T_ACK (S=8),,"",LL_ACK
117,"4/1/2026 12:47:52.379 AM",from bus,E,System,1.4.1,"Rèm 1",1.1.11,"-",6,PropertyValue_Response (S=8),,"ObjectIndex=4, PropertyId=7, Count=1, StartIndex=1, Data=00 00 09 38",LL_ACK
118,"4/1/2026 12:47:52.403 AM",to bus,,System,1.1.11,"-",1.4.1,"Rèm 1",5,T_ACK (S=8),,"",LL_ACK
119,"4/1/2026 12:47:52.471 AM",to bus,E,System,1.1.11,"-",1.4.1,"Rèm 1",5,MemoryExtended_Write (S=9),,"Count=1, Address=$0938, Data=$01",LL_ACK
120,"4/1/2026 12:47:52.493 AM",from bus,,System,1.4.1,"Rèm 1",1.1.11,"-",6,T_ACK (S=9),,"",LL_ACK
121,"4/1/2026 12:47:52.565 AM",from bus,E,System,1.4.1,"Rèm 1",1.1.11,"-",6,MemoryExtended_WriteResponse (S=9),,"ReturnCode=E_SUCCESS, Address=$0938",LL_ACK
122,"4/1/2026 12:47:52.589 AM",to bus,,System,1.1.11,"-",1.4.1,"Rèm 1",5,T_ACK (S=9),,"",LL_ACK
123,"4/1/2026 12:47:52.661 AM",to bus,E,System,1.1.11,"-",1.4.1,"Rèm 1",5,MemoryExtended_Write (S=10),,"Count=2, Address=$093A, Data=00 14",LL_ACK
124,"4/1/2026 12:47:52.682 AM",from bus,,System,1.4.1,"Rèm 1",1.1.11,"-",6,T_ACK (S=10),,"",LL_ACK
125,"4/1/2026 12:47:52.754 AM",from bus,E,System,1.4.1,"Rèm 1",1.1.11,"-",6,MemoryExtended_WriteResponse (S=10),,"ReturnCode=E_SUCCESS, Address=$093A",LL_ACK
126,"4/1/2026 12:47:52.778 AM",to bus,,System,1.1.11,"-",1.4.1,"Rèm 1",5,T_ACK (S=10),,"",LL_ACK
127,"4/1/2026 12:47:52.892 AM",to bus,E,System,1.1.11,"-",1.4.1,"Rèm 1",5,MemoryExtended_Write (S=11),,"Count=22, Address=$093E, Data=20 80 01 1E 02 3C 00 00 00 00 00 00 00 00 00 00 00 00 00 00 00 00",LL_ACK
128,"4/1/2026 12:47:52.914 AM",from bus,,System,1.4.1,"Rèm 1",1.1.11,"-",6,T_ACK (S=11),,"",LL_ACK
129,"4/1/2026 12:47:52.985 AM",from bus,E,System,1.4.1,"Rèm 1",1.1.11,"-",6,MemoryExtended_WriteResponse (S=11),,"ReturnCode=E_SUCCESS, Address=$093E",LL_ACK
130,"4/1/2026 12:47:53.010 AM",to bus,,System,1.1.11,"-",1.4.1,"Rèm 1",5,T_ACK (S=11),,"",LL_ACK
131,"4/1/2026 12:47:53.077 AM",to bus,E,System,1.1.11,"-",1.4.1,"Rèm 1",5,PropertyValue_Read (S=12),,"ObjectIndex=3, PropertyId=7, Count=1, StartIndex=1",LL_ACK
132,"4/1/2026 12:47:53.106 AM",from bus,,System,1.4.1,"Rèm 1",1.1.11,"-",6,T_ACK (S=12),,"",LL_ACK
133,"4/1/2026 12:47:53.180 AM",from bus,E,System,1.4.1,"Rèm 1",1.1.11,"-",6,PropertyValue_Response (S=12),,"ObjectIndex=3, PropertyId=7, Count=1, StartIndex=1, Data=00 00 09 54",LL_ACK
134,"4/1/2026 12:47:53.205 AM",to bus,,System,1.1.11,"-",1.4.1,"Rèm 1",5,T_ACK (S=12),,"",LL_ACK
135,"4/1/2026 12:47:53.310 AM",to bus,E,System,1.1.11,"-",1.4.1,"Rèm 1",5,MemoryExtended_Write (S=13),,"Count=14, Address=$0954, Data=00 06 17 00 17 00 17 07 4F 07 4F 00 17 07",LL_ACK
136,"4/1/2026 12:47:53.323 AM",from bus,,System,1.4.1,"Rèm 1",1.1.11,"-",6,T_ACK (S=13),,"",LL_ACK
137,"4/1/2026 12:47:53.394 AM",from bus,E,System,1.4.1,"Rèm 1",1.1.11,"-",6,MemoryExtended_WriteResponse (S=13),,"ReturnCode=E_SUCCESS, Address=$0954",LL_ACK
138,"4/1/2026 12:47:53.419 AM",to bus,,System,1.1.11,"-",1.4.1,"Rèm 1",5,T_ACK (S=13),,"",LL_ACK
139,"4/1/2026 12:47:53.486 AM",to bus,E,System,1.1.11,"-",1.4.1,"Rèm 1",5,PropertyValue_Read (S=14),,"ObjectIndex=2, PropertyId=7, Count=1, StartIndex=1",LL_ACK
140,"4/1/2026 12:47:53.507 AM",from bus,,System,1.4.1,"Rèm 1",1.1.11,"-",6,T_ACK (S=14),,"",LL_ACK
141,"4/1/2026 12:47:53.589 AM",from bus,E,System,1.4.1,"Rèm 1",1.1.11,"-",6,PropertyValue_Response (S=14),,"ObjectIndex=2, PropertyId=7, Count=1, StartIndex=1, Data=00 00 09 74",LL_ACK
142,"4/1/2026 12:47:53.629 AM",to bus,,System,1.1.11,"-",1.4.1,"Rèm 1",5,T_ACK (S=14),,"",LL_ACK
143,"4/1/2026 12:47:53.751 AM",to bus,E,System,1.1.11,"-",1.4.1,"Rèm 1",5,MemoryExtended_Write (S=15),,"Count=26, Address=$0974, Data=00 06 00 01 00 01 00 02 00 02 00 03 00 03 00 04 00 04 00 05 00 05 00 06 00 06",LL_ACK
144,"4/1/2026 12:47:53.773 AM",from bus,,System,1.4.1,"Rèm 1",1.1.11,"-",6,T_ACK (S=15),,"",LL_ACK
145,"4/1/2026 12:47:53.844 AM",from bus,E,System,1.4.1,"Rèm 1",1.1.11,"-",6,MemoryExtended_WriteResponse (S=15),,"ReturnCode=E_SUCCESS, Address=$0974",LL_ACK
146,"4/1/2026 12:47:53.869 AM",to bus,,System,1.1.11,"-",1.4.1,"Rèm 1",5,T_ACK (S=15),,"",LL_ACK
147,"4/1/2026 12:47:53.943 AM",to bus,E,System,1.1.11,"-",1.4.1,"Rèm 1",5,PropertyValue_Read (S=0),,"ObjectIndex=1, PropertyId=7, Count=1, StartIndex=1",LL_ACK
148,"4/1/2026 12:47:53.958 AM",from bus,,System,1.4.1,"Rèm 1",1.1.11,"-",6,T_ACK (S=0),,"",LL_ACK
149,"4/1/2026 12:47:54.039 AM",from bus,E,System,1.4.1,"Rèm 1",1.1.11,"-",6,PropertyValue_Response (S=0),,"ObjectIndex=1, PropertyId=7, Count=1, StartIndex=1, Data=00 00 09 64",LL_ACK
150,"4/1/2026 12:47:54.065 AM",to bus,,System,1.1.11,"-",1.4.1,"Rèm 1",5,T_ACK (S=0),,"",LL_ACK
151,"4/1/2026 12:47:54.160 AM",to bus,E,System,1.1.11,"-",1.4.1,"Rèm 1",5,MemoryExtended_Write (S=1),,"Count=14, Address=$0964, Data=00 06 00 01 00 02 00 03 00 04 00 05 01 01",LL_ACK
152,"4/1/2026 12:47:54.182 AM",from bus,,System,1.4.1,"Rèm 1",1.1.11,"-",6,T_ACK (S=1),,"",LL_ACK
153,"4/1/2026 12:47:54.253 AM",from bus,E,System,1.4.1,"Rèm 1",1.1.11,"-",6,MemoryExtended_WriteResponse (S=1),,"ReturnCode=E_SUCCESS, Address=$0964",LL_ACK
154,"4/1/2026 12:47:54.278 AM",to bus,,System,1.1.11,"-",1.4.1,"Rèm 1",5,T_ACK (S=1),,"",LL_ACK
155,"4/1/2026 12:47:54.369 AM",to bus,E,System,1.1.11,"-",1.4.1,"Rèm 1",5,FunctionPropertyExtCommand (S=2),,"ObjectType=17, Instance=1, PropertyId=5, Command=01 00 00 00 00 00 00 00 00 00",LL_ACK
156,"4/1/2026 12:47:54.390 AM",from bus,,System,1.4.1,"Rèm 1",1.1.11,"-",6,T_ACK (S=2),,"",LL_ACK
157,"4/1/2026 12:47:54.469 AM",from bus,E,System,1.4.1,"Rèm 1",1.1.11,"-",6,FunctionPropertyExtState_Response (S=2),,"ObjectType=17, Instance=1, PropertyId=5, ReturnCode=0",LL_ACK
158,"4/1/2026 12:47:54.501 AM",to bus,,System,1.1.11,"-",1.4.1,"Rèm 1",5,T_ACK (S=2),,"",LL_ACK
159,"4/1/2026 12:47:54.580 AM",to bus,E,System,1.1.11,"-",1.4.1,"Rèm 1",5,PropertyExtValue_WriteCon (S=3),,"ObjectType=17, Instance=1, PropertyId=54, Count=1, StartIndex=0, Data=00 00",LL_ACK
160,"4/1/2026 12:47:54.602 AM",from bus,,System,1.4.1,"Rèm 1",1.1.11,"-",6,T_ACK (S=3),,"",LL_ACK
161,"4/1/2026 12:47:54.686 AM",from bus,E,System,1.4.1,"Rèm 1",1.1.11,"-",6,PropertyExtValue_WriteConRes (S=3),,"ObjectType=17, Instance=1, PropertyId=54, Count=1, StartIndex=0, ReturnCode=E_SUCCESS",LL_ACK
162,"4/1/2026 12:47:54.710 AM",to bus,,System,1.1.11,"-",1.4.1,"Rèm 1",5,T_ACK (S=3),,"",LL_ACK
163,"4/1/2026 12:47:54.798 AM",to bus,E,System,1.1.11,"-",1.4.1,"Rèm 1",5,PropertyExtValue_WriteCon (S=4),,"ObjectType=17, Instance=1, PropertyId=61, Count=6, StartIndex=1, Data=00 00 00 00 00 00",LL_ACK
164,"4/1/2026 12:47:54.820 AM",from bus,,System,1.4.1,"Rèm 1",1.1.11,"-",6,T_ACK (S=4),,"",LL_ACK
165,"4/1/2026 12:47:54.903 AM",from bus,E,System,1.4.1,"Rèm 1",1.1.11,"-",6,PropertyExtValue_WriteConRes (S=4),,"ObjectType=17, Instance=1, PropertyId=61, Count=6, StartIndex=1, ReturnCode=E_SUCCESS",LL_ACK
166,"4/1/2026 12:47:54.934 AM",to bus,,System,1.1.11,"-",1.4.1,"Rèm 1",5,T_ACK (S=4),,"",LL_ACK
167,"4/1/2026 12:47:55.025 AM",to bus,E,System,1.1.11,"-",1.4.1,"Rèm 1",5,FunctionPropertyExtCommand (S=5),,"ObjectType=17, Instance=1, PropertyId=5, Command=02 00 00 00 00 00 00 00 00 00",LL_ACK
168,"4/1/2026 12:47:55.046 AM",from bus,,System,1.4.1,"Rèm 1",1.1.11,"-",6,T_ACK (S=5),,"",LL_ACK
169,"4/1/2026 12:47:55.125 AM",from bus,E,System,1.4.1,"Rèm 1",1.1.11,"-",6,FunctionPropertyExtState_Response (S=5),,"ObjectType=17, Instance=1, PropertyId=5, ReturnCode=0",LL_ACK
170,"4/1/2026 12:47:55.149 AM",to bus,,System,1.1.11,"-",1.4.1,"Rèm 1",5,T_ACK (S=5),,"",LL_ACK
171,"4/1/2026 12:47:55.226 AM",to bus,E,System,1.1.11,"-",1.4.1,"Rèm 1",5,PropertyValue_Write (S=6),,"ObjectIndex=4, PropertyId=13, Count=1, StartIndex=1, Data=00 85 00 01 01",LL_ACK
172,"4/1/2026 12:47:55.248 AM",from bus,,System,1.4.1,"Rèm 1",1.1.11,"-",6,T_ACK (S=6),,"",LL_ACK
173,"4/1/2026 12:47:55.332 AM",from bus,E,System,1.4.1,"Rèm 1",1.1.11,"-",6,PropertyValue_Response (S=6),,"ObjectIndex=4, PropertyId=13, Count=1, StartIndex=1, Data=00 85 00 01 01",LL_ACK
174,"4/1/2026 12:47:55.361 AM",to bus,,System,1.1.11,"-",1.4.1,"Rèm 1",5,T_ACK (S=6),,"",LL_ACK
175,"4/1/2026 12:47:55.449 AM",to bus,E,System,1.1.11,"-",1.4.1,"Rèm 1",5,PropertyValue_Write (S=7),,"ObjectIndex=4, PropertyId=5, Count=1, StartIndex=1, Data=02 00 00 00 00 00 00 00 00 00",LL_ACK
176,"4/1/2026 12:47:55.473 AM",from bus,,System,1.4.1,"Rèm 1",1.1.11,"-",6,T_ACK (S=7),,"",LL_ACK
177,"4/1/2026 12:47:55.547 AM",from bus,E,System,1.4.1,"Rèm 1",1.1.11,"-",6,PropertyValue_Response (S=7),,"ObjectIndex=4, PropertyId=5, Count=1, StartIndex=1, Data=$01",LL_ACK
178,"4/1/2026 12:47:55.579 AM",to bus,,System,1.1.11,"-",1.4.1,"Rèm 1",5,T_ACK (S=7),,"",LL_ACK
179,"4/1/2026 12:47:55.667 AM",to bus,E,System,1.1.11,"-",1.4.1,"Rèm 1",5,PropertyValue_Write (S=8),,"ObjectIndex=3, PropertyId=5, Count=1, StartIndex=1, Data=02 00 00 00 00 00 00 00 00 00",LL_ACK
180,"4/1/2026 12:47:55.691 AM",from bus,,System,1.4.1,"Rèm 1",1.1.11,"-",6,T_ACK (S=8),,"",LL_ACK
181,"4/1/2026 12:47:55.764 AM",from bus,E,System,1.4.1,"Rèm 1",1.1.11,"-",6,PropertyValue_Response (S=8),,"ObjectIndex=3, PropertyId=5, Count=1, StartIndex=1, Data=$01",LL_ACK
182,"4/1/2026 12:47:55.789 AM",to bus,,System,1.1.11,"-",1.4.1,"Rèm 1",5,T_ACK (S=8),,"",LL_ACK
183,"4/1/2026 12:47:55.880 AM",to bus,E,System,1.1.11,"-",1.4.1,"Rèm 1",5,PropertyValue_Write (S=9),,"ObjectIndex=2, PropertyId=5, Count=1, StartIndex=1, Data=02 00 00 00 00 00 00 00 00 00",LL_ACK
184,"4/1/2026 12:47:55.941 AM",from bus,,System,1.4.1,"Rèm 1",1.1.11,"-",6,T_ACK (S=9),,"",LL_ACK
185,"4/1/2026 12:47:56.015 AM",from bus,E,System,1.4.1,"Rèm 1",1.1.11,"-",6,PropertyValue_Response (S=9),,"ObjectIndex=2, PropertyId=5, Count=1, StartIndex=1, Data=$01",LL_ACK
186,"4/1/2026 12:47:56.042 AM",to bus,,System,1.1.11,"-",1.4.1,"Rèm 1",5,T_ACK (S=9),,"",LL_ACK
187,"4/1/2026 12:47:56.130 AM",to bus,E,System,1.1.11,"-",1.4.1,"Rèm 1",5,PropertyValue_Write (S=10),,"ObjectIndex=1, PropertyId=5, Count=1, StartIndex=1, Data=02 00 00 00 00 00 00 00 00 00",LL_ACK
188,"4/1/2026 12:47:56.154 AM",from bus,,System,1.4.1,"Rèm 1",1.1.11,"-",6,T_ACK (S=10),,"",LL_ACK
189,"4/1/2026 12:47:56.228 AM",from bus,E,System,1.4.1,"Rèm 1",1.1.11,"-",6,PropertyValue_Response (S=10),,"ObjectIndex=1, PropertyId=5, Count=1, StartIndex=1, Data=$01",LL_ACK
190,"4/1/2026 12:47:56.252 AM",to bus,,System,1.1.11,"-",1.4.1,"Rèm 1",5,T_ACK (S=10),,"",LL_ACK
191,"4/1/2026 12:47:56.314 AM",to bus,E,System,1.1.11,"-",1.4.1,"Rèm 1",5,ConfirmedRestart (S=11),,"EraseCode=ConfirmedRestart ChannelNumber=0",LL_ACK
192,"4/1/2026 12:47:56.340 AM",from bus,,System,1.4.1,"Rèm 1",1.1.11,"-",6,T_ACK (S=11),,"",LL_ACK
193,"4/1/2026 12:47:56.408 AM",from bus,E,System,1.4.1,"Rèm 1",1.1.11,"-",6,ConfirmedRestart_Response (S=11),,"Error=NoError ProcessTime=00:00:03",LL_ACK
194,"4/1/2026 12:47:56.432 AM",to bus,,System,1.1.11,"-",1.4.1,"Rèm 1",5,T_ACK (S=11),,"",LL_ACK
195,"4/1/2026 12:47:56.475 AM",to bus,,System,1.1.11,"-",1.4.1,"Rèm 1",5,T_Disconnect,,"",LL_ACK
196,"4/1/2026 12:47:59.435 AM",from bus,,Low,1.4.1,"Rèm 1",0/0/4,"Position Status. Rèm 1 (vị trí rèm 0-100%)",6,GroupValue_Write,  5.001 percentage (0..100%),"$99 | 60.0%",LL_ACK
